{
    "accuracy": 0.927536231884058,
    "precision": 0.7454545454545455,
    "recall": 0.6119402985074627,
    "auc": 0.8650253885213108
}
